artist_name,genres
Mariah Carey,"['dance pop', 'pop', 'r&b', 'urban contemporary']"
Faber Drive,['pop punk']
Nico & Vinz,"['dance pop', 'pop rap']"
Zee Avi,"['folk-pop', 'malaysian indie', 'malaysian pop']"
Mike Posner,"['dance pop', 'edm', 'pop', 'pop rap']"
Beyoncé,"['dance pop', 'pop', 'post-teen pop', 'r&b']"
LIEZA
Maren Morris,['contemporary country']
Madilyn Paige,"['channel pop', 'viral pop']"
DNCE,"['dance pop', 'pop', 'post-teen pop']"
AJR,"['modern rock', 'pop']"
John Mayer,"['neo mellow', 'pop', 'pop rock', 'singer-songwriter']","['blues-rock', 'modern blues']"
O-Town,"['boy band', 'dance pop']"
Macklemore,['pop rap'],"['dance pop', 'pop rap']"
Take That,"['boy band', 'dance pop', 'europop', 'pop']"
Josh Daniel
K'NAAN
HIRAIDAI
Kendrick Lamar,"['conscious hip hop', 'hip hop', 'pop rap', 'rap', 'west coast rap']"
Lord Huron,"['folk-pop', 'indie folk', 'indie pop', 'new americana', 'stomp and holler']"
Kelly Clarkson,"['dance pop', 'neo mellow', 'pop', 'pop rock', 'post-teen pop', 'r&b', 'talent show']"
Alok,['electro house']
Gotye,"['australian alternative rock', 'australian pop']"
Jonas Blue,"['dance pop', 'edm', 'pop', 'tropical house']"
Kurt Hugo Schneider,"['australian pop', 'channel pop', 'post-teen pop', 'viral pop']"
We The Kings,"['emo', 'neo mellow', 'piano rock', 'pop emo', 'pop punk', 'pop rock', 'post-teen pop']"
Meghan Trainor,"['dance pop', 'hip pop', 'pop', 'post-teen pop']"
Mr.Siro,['vietnamese pop']
Skrillex,"['brostep', 'complextro', 'edm', 'electro']"
CHEN,"['k-pop', 'korean pop']","['channel pop', 'post-teen pop', 'viral pop']","['c-pop', 'cantopop', 'classic cantopop']",['mandopop'],"['chinese hip hop', 'mandopop']",['violin']
Alicia Keys,"['hip pop', 'neo soul', 'pop', 'r&b', 'urban contemporary']"
Riverdale Cast,"['pop', 'post-teen pop']"
Eagles,"['album rock', 'classic rock', 'folk rock', 'heartland rock', 'mellow gold', 'rock', 'soft rock']","['alternative rock', 'blues-rock', 'garage rock', 'modern blues rock', 'modern rock', 'punk blues', 'rock', 'stoner rock']","['deep melodic euro house', 'tech house']","['chamber pop', 'freak folk', 'neo-psychedelic', 'new weird america']",['college marching band']
Grace Grundy,"['pop', 'post-teen pop', 'viral pop']"
Andi Mack
Mike Perry,"['dance pop', 'deep pop edm', 'deep tropical house', 'edm', 'pop', 'tropical house']"
Shakira,"['colombian pop', 'dance pop', 'latin', 'latin pop', 'mexican pop', 'pop']"
Anne-Marie,"['dance pop', 'pop', 'post-teen pop', 'tropical house']",['barnemusikk']
Christina Perri,"['dance pop', 'neo mellow', 'pop', 'post-teen pop', 'viral pop']"
Post Malone,"['pop', 'rap']"
Jake Scott,"['acoustic pop', 'indiecoustica', 'neo mellow']"
Martin Garrix,"['big room', 'edm', 'pop', 'progressive house', 'tropical house']"
G-DRAGON,"['k-hop', 'k-pop', 'korean pop']"
Enrique Iglesias,"['dance pop', 'latin', 'latin pop', 'mexican pop', 'pop', 'pop quebecois', 'tropical']"
Demi Lovato,"['dance pop', 'pop', 'post-teen pop', 'r&b']",['fake']
Mad Clown,"['k-hop', 'korean pop']"
Alan Jackson,"['contemporary country', 'country', 'country road']"
The Chainsmokers,"['edm', 'electropop', 'pop', 'tropical house']"
Big Time Rush,"['boy band', 'dance pop', 'pop', 'post-teen pop', 'teen pop', 'viral pop']"
Olly Murs,"['dance pop', 'europop', 'neo mellow', 'pop', 'post-teen pop', 'talent show']"
Future Sunsets
Clean Bandit,"['dance pop', 'edm', 'pop', 'post-teen pop', 'tropical house', 'uk funky']"
Vice,"['chicano rap', 'pop']","['anthem worship', 'christian uplift']"
Spencer Kane
Keywest
Snoop Dogg,"['g funk', 'gangster rap', 'hip hop', 'pop rap', 'rap', 'west coast rap']"
ZAYN,"['dance pop', 'electropop', 'pop', 'post-teen pop']"
K.Will,"['k-indie', 'k-pop', 'korean pop']"
Alec Benjamin,"['dance pop', 'pop']"
Johann Pachelbel,"['baroque', 'classical', 'german baroque']"
Us The Duo,"['indiecoustica', 'neo mellow', 'viral pop']"
gnash,"['dance pop', 'pop', 'post-teen pop']"
Digital Farm Animals,"['house', 'tropical house']"
Twenty One Pilots,"['pop punk', 'rock']"
Ed Sheeran,['pop']
JustaTee,"['vietnamese hip hop', 'vietnamese pop']"
Shawn Hook,['canadian pop']
2NE1,"['dance pop', 'k-pop']"
Evanescence,"['alternative metal', 'post-grunge']"
Jason Derulo,"['dance pop', 'pinoy hip hop', 'pop', 'pop rap', 'post-teen pop', 'r&b']"
The Piano Guys,"['bow pop', 'classify']"
Jung Yong Hwa,"['k-pop', 'korean pop']"
Bastille,"['metropopolis', 'modern rock', 'pop']"
Queen,"['glam rock', 'rock']","['deep pop r&b', 'pop', 'r&b']","['hip pop', 'lgbtq+ hip hop']","['conscious hip hop', 'east coast hip hop', 'hip hop', 'hollywood']","['britpop', 'garage rock', 'modern alternative rock']",['j-rock']
Simple Plan,"['canadian punk', 'canadian rock', 'pop punk', 'pop rock', 'post-grunge']"
Uncle Kracker,"['contemporary country', 'country', 'country road', 'pop rock', 'post-grunge']"
Jacob Restituto
James TW,"['dance pop', 'neo mellow', 'pop', 'pop rock', 'post-teen pop', 'viral pop']"
Boyzone,"['australian pop', 'boy band', 'dance pop', 'europop', 'pop rock']"
Adam Lambert,"['australian pop', 'dance pop', 'idol', 'pop', 'post-teen pop']"
Frank Sinatra,"['adult standards', 'christmas', 'easy listening', 'lounge']",['adult standards']
Bazzi,"['dance pop', 'pop', 'post-teen pop']"
Sabrina Carpenter,"['dance pop', 'pop', 'post-teen pop', 'viral pop']"
Mikkel S. Eriksen
Westlife,"['boy band', 'dance pop', 'europop']"
Jasmine Thompson,"['neo mellow', 'pop', 'viral pop']"
Noah Young,"['christian hip hop', 'christian trap']"
Lukas Graham,['danish pop']
Dr. Dre,"['g funk', 'gangster rap', 'hip hop', 'rap', 'west coast rap']"
Jessie J,"['dance pop', 'pop', 'pop rap', 'post-teen pop', 'r&b']"
Tim McMorris
Martin Jensen,"['dance pop', 'deep tropical house', 'edm', 'pop', 'tropical house']"
James Bay,"['neo mellow', 'pop']"
Lawson,"['compositional ambient', 'focus', 'new age piano']",['indie anthem-folk'],['post-teen pop'],['hard house']
Rima Zeidan
Travie McCoy,['pop rap']
Fernando Daniel,['portuguese pop']
Little Mix,"['dance pop', 'girl group', 'pop', 'post-teen pop', 'r&b', 'talent show']"
Sia,"['australian dance', 'australian pop', 'dance pop', 'pop']",['glitch hop']
James Arthur,"['dance pop', 'pop', 'post-teen pop', 'talent show']"
G-Eazy,"['hip hop', 'indie pop rap', 'pop', 'pop rap', 'rap']"
Sidewalk Prophets,"['anthem worship', 'ccm', 'christian alternative rock', 'christian music', 'christian rock', 'worship']"
Maggie Lindemann,"['dance pop', 'pop', 'post-teen pop']"
San Holo,"['bass trap', 'edm', 'electronic trap', 'pop', 'tropical house']"
Olivia Holt,"['dance pop', 'pop', 'post-teen pop', 'teen pop', 'viral pop']"
Ashley Tisdale,"['dance pop', 'pop', 'post-teen pop', 'viral pop']"
Kygo,"['edm', 'pop', 'tropical house']"
Christopher,"['channel pop', 'viral pop']",['danish pop'],['deep soundtrack'],"['indie pop rap', 'pop rap']","['adult standards', 'album rock', 'disco', 'folk rock', 'mellow gold', 'new wave pop', 'quiet storm', 'soft rock']",['focus'],"['ambient', 'compositional ambient', 'drift', 'drone', 'warm drone']",['hollywood'],"['classical performance', 'historically informed performance', 'orchestral performance']"
Skylar Grey,['piano rock']
XIA,"['mainland chinese pop', 'mandopop']"
Straalen
Hailee Steinfeld,"['dance pop', 'pop', 'post-teen pop']"
Alex Aiono,"['post-teen pop', 'teen pop']"
Chris Brown,"['dance pop', 'pop', 'pop rap', 'r&b', 'rap']"
Lauv,"['dance pop', 'electropop', 'pop', 'post-teen pop']"
Sam Smith,"['pop', 'post-teen pop']"
John Adams,"['american contemporary classical', 'avant-garde', 'choral', 'classical', 'compositional ambient', 'contemporary classical', 'minimal']","['american 21st century classical', 'avant-garde', 'contemporary classical']"
Macklemore & Ryan Lewis,"['dance pop', 'pop rap']"
Lana Del Rey,"['dance pop', 'pop']"
Trevin Hunte,['deep talent show']
David Bowie,"['art rock', 'dance rock', 'glam rock', 'new wave', 'permanent wave', 'protopunk', 'rock']",['karaoke']
Duffy,"['dance pop', 'folk-pop', 'neo soul', 'pop', 'pop rock', 'r&b']","['dance rock', 'new romantic', 'new wave', 'new wave pop']"
David Archuleta,"['dance pop', 'idol', 'neo mellow', 'post-teen pop', 'viral pop']"
OneRepublic,"['dance pop', 'neo mellow', 'piano rock', 'pop', 'pop quebecois', 'pop rap', 'pop rock']"
A Great Big World,"['neo mellow', 'piano rock', 'pop rock']"
Shayne Ward,"['europop', 'talent show']"
Jona,['opm'],['german pop'],['opm'],"['bachata', 'colombian pop']"
Zac Efron,"['hollywood', 'post-teen pop']"
P!nk,"['dance pop', 'pop', 'post-teen pop']"
Young Thug,"['gangster rap', 'hip hop', 'pop', 'pop rap', 'rap', 'trap music']"
Machine Gun Kelly,"['hip hop', 'pop rap', 'rap']"
MAGIC!,"['pop', 'reggae fusion']","['afropop', 'francoton', 'french pop', 'zouglou']","['indie poptimism', 'indie rockism', 'modern rock']","['indie pop', 'indie poptimism', 'indie rockism', 'indietronica', 'modern rock', 'shimmer pop']","['chillwave', 'edm', 'gauze pop', 'indie dream pop', 'indie r&b', 'indietronica', 'vapor soul', 'vapor twitch']","['electro', 'j-dance', 'japanese city pop', 'shibuya-kei', 'zolo']"
Birdy,"['dance pop', 'neo mellow', 'pop']","['electro house', 'filter house', 'turntablism']","['australian alternative rock', 'perth indie']"
Dua Lipa,"['dance pop', 'pop', 'post-teen pop']"
T.I.,"['dance pop', 'dirty south rap', 'gangster rap', 'hip hop', 'pop rap', 'rap', 'southern hip hop', 'trap music']","['dirty south rap', 'southern hip hop']"
Alex Goot,"['channel pop', 'post-teen pop', 'viral pop']"
CNBLUE,"['k-pop', 'korean pop']"
Aaron Carter,"['dance pop', 'post-teen pop']"
Rudimental,"['dance pop', 'edm', 'liquid funk', 'pop', 'tropical house', 'uk funky']"
One Direction,"['boy band', 'dance pop', 'pop', 'post-teen pop', 'talent show']"
JP Cooper,"['dance pop', 'neo mellow', 'pop', 'r&b', 'tropical house']"
Bad Meets Evil,"['detroit hip hop', 'gangster rap', 'hip hop', 'pop rap', 'rap']"
Alan Walker,"['edm', 'tropical house']"
American Authors,"['brooklyn indie', 'indie poptimism', 'modern alternative rock', 'modern rock', 'neo mellow', 'pop', 'pop rock']"
Basil Jose
911,"['boy band', 'bubblegum dance', 'dance pop', 'europop']",['go-go']
Conrad Sewell,['australian pop']
The Wanted,"['boy band', 'dance pop', 'pop', 'post-teen pop']",['modern southern rock']
Bassnectar,"['bass trap', 'breakbeat', 'brostep', 'edm', 'electro house', 'electronic trap', 'glitch hop']"
DVBBS,"['big room', 'dance pop', 'deep big room', 'edm', 'electro house', 'pop', 'progressive electro house', 'tropical house']"
Hannah Montana,"['dance pop', 'hollywood', 'pop', 'post-teen pop']"
My Tam,['vietnamese pop']
Hozier,"['folk-pop', 'irish singer-songwriter', 'pop']"
Kenneth August
The Script,"['celtic rock', 'neo mellow', 'pop', 'pop rap', 'pop rock', 'post-teen pop']"
Jon Liddell,['malaysian indie']
Cody Simpson,"['australian pop', 'dance pop', 'pop', 'post-teen pop', 'teen pop', 'viral pop']"
BBMak,"['boy band', 'dance pop']"
Artists for Haiti,['canadian pop']
Michael Bublé,"['adult standards', 'canadian pop', 'lounge', 'neo mellow']",['karaoke']
Justin Timberlake,"['dance pop', 'pop']"
Marshmello,"['brostep', 'edm', 'egyptian pop', 'pop', 'progressive electro house']"
Tyler Ward,"['channel pop', 'classify', 'neo mellow', 'post-teen pop', 'viral pop']"
Jonah Baker,['channel pop']
Pharrell Williams,"['dance pop', 'pop', 'pop rap']"
Prince Royce,"['bachata', 'dance pop', 'latin', 'latin pop', 'pop', 'tropical']"
Charice,"['post-teen pop', 'viral pop']"
Ariana Grande,"['dance pop', 'pop', 'post-teen pop']"
Bebe Rexha,"['dance pop', 'pop', 'post-teen pop']"
Luis Fonsi,"['dance pop', 'latin', 'latin pop']"
Liam Payne,"['dance pop', 'edm', 'pop', 'post-teen pop', 'tropical house']"
Gavin James,"['neo mellow', 'pop', 'viral pop']"
Rixton,"['australian pop', 'dance pop', 'pop', 'post-teen pop', 'viral pop']"
Maruli Tampubolon,['indonesian jazz']
Yoon Mirae,"['k-hop', 'k-indie', 'k-pop', 'korean pop', 'korean r&b']"
Logic,"['conscious hip hop', 'hip hop', 'pop rap', 'rap']","['antiviral pop', 'deep chiptune']","['abstract hip hop', 'underground rap']","['alternative metal', 'groove metal', 'industrial metal', 'melodic metalcore', 'nu metal', 'rap rock']"
Bằng Kiều,['vietnamese pop']
Charlie Puth,"['dance pop', 'pop', 'post-teen pop', 'viral pop']"
Hearts & Colors,"['post-teen pop', 'viral pop']"
BoA,"['dance pop', 'j-idol', 'j-pop', 'japanese r&b', 'k-pop', 'korean pop']",['tecnobrega'],['k-pop'],['new beat']
Michael Jackson,['pop']
Snakehips,"['dance pop', 'edm', 'electropop', 'indie r&b', 'pop', 'post-teen pop', 'tropical house']"
Flo Rida,"['dance pop', 'edm', 'pop', 'pop rap']"
Pitbull,"['dance pop', 'latin', 'pop', 'pop rap']"
FTISLAND,"['k-indie', 'k-pop', 'k-rock', 'korean pop']"
Zara Larsson,"['dance pop', 'edm', 'electropop', 'pop', 'post-teen pop', 'r&b', 'swedish electropop', 'swedish pop', 'tropical house']"
J Balvin,"['latin', 'reggaeton']"
David Guetta,"['dance pop', 'edm', 'pop']"
Anna Kendrick,['hollywood']
Mandy Moore,"['dance pop', 'hollywood', 'movie tunes', 'neo mellow', 'post-teen pop']"
Jesse McCartney,"['dance pop', 'neo mellow', 'pop', 'pop rock', 'post-teen pop', 'r&b', 'viral pop']"
Anh Khang,['vietnamese pop']
The Mamas & The Papas,"['brill building pop', 'bubblegum pop', 'christmas', 'classic rock', 'folk', 'folk rock', 'mellow gold', 'psychedelic rock', 'rock', 'rock-and-roll', 'soft rock']"
Emblem3,"['post-teen pop', 'talent show', 'teen pop']"
French Montana,"['hip hop', 'pop', 'pop rap', 'rap', 'southern hip hop', 'trap music']"
Endah N Rhesa,"['indonesian indie', 'indonesian pop']"
KYLE,"['hip hop', 'pop', 'pop rap', 'rap']","['otacore', 'scorecore']","['emo rap', 'indie pop rap', 'pop']",['soundtrack'],"['opm', 'pinoy indie']"
Daft Punk,"['electro', 'electronic', 'filter house']"
Emma Watson,"['disney', 'hollywood', 'movie tunes']"
Truc Nhan,['vietnamese pop']
Miley Cyrus,"['dance pop', 'pop', 'post-teen pop']"
Céline Dion,"['canadian pop', 'dance pop']",['karaoke']
Louis Tomlinson,"['dance pop', 'pop', 'post-teen pop']"
The Madison Letter,['channel pop']
Aaron Richards
Julia Michaels,"['dance pop', 'electropop', 'pop', 'post-teen pop']"
Sevyn Streeter,"['dance pop', 'deep pop r&b', 'hip pop', 'indie r&b', 'pop', 'pop rap', 'r&b', 'rap', 'trap queen', 'urban contemporary']"
States & Capitals
Stanaj,"['dance pop', 'pop', 'post-teen pop']"
Sungha Jung,"['fingerstyle', 'viral pop']"
Bars and Melody,['teen pop']
Nicki Minaj,"['dance pop', 'hip pop', 'pop', 'pop rap']"
Imagine Dragons,"['modern rock', 'rock', 'vegas indie']"
Travis Atreo,"['australian pop', 'channel pop', 'neo mellow', 'pop', 'post-teen pop', 'viral pop']"
Cobi
Tall Heights,"['chamber pop', 'folk-pop', 'indie anthem-folk', 'indie folk', 'indiecoustica', 'neo mellow', 'new americana', 'stomp and holler']"
Boyce Avenue,"['neo mellow', 'pop', 'pop rock', 'viral pop']"
Nicky Jam,"['latin', 'latin hip hop', 'pop', 'reggaeton', 'tropical']"
Fall Out Boy,"['emo', 'modern rock', 'pop punk']"
Elton John,"['glam rock', 'mellow gold', 'piano rock', 'rock', 'soft rock']"
Harry Styles,"['dance pop', 'pop', 'post-teen pop']"
Various Artists,['ethiopian pop']
Grace,"['pop', 'post-teen pop', 'viral pop']","['bachata', 'latin', 'latin pop', 'tropical']","['pop', 'post-teen pop']","['alternative metal', 'canadian metal', 'canadian rock', 'nu metal', 'pop punk', 'post-grunge']","['indie anthem-folk', 'uk contemporary r&b']",['r&b'],"['emo rap', 'indie pop rap', 'pop', 'teen pop']",['indie anthem-folk'],['classical soprano']
Caleb Santos
Glee Cast,"['hollywood', 'pop', 'post-teen pop', 'viral pop']",['fake']
Gary Jules,['neo mellow']
B.o.B,"['dance pop', 'hip hop', 'pop', 'pop rap', 'r&b', 'rap', 'southern hip hop']"
Evynne Hollens,['viral pop']
We Rabbitz
Gucci Mane,"['dirty south rap', 'hip hop', 'pop', 'pop rap', 'rap', 'southern hip hop', 'trap music']"
Zedd,"['complextro', 'dance pop', 'edm', 'german techno', 'pop', 'post-teen pop', 'tropical house']"
Missy & Blonde,['viral pop']
Sam Hunt,['contemporary country']
Alex & Sierra,"['australian pop', 'dance pop', 'neo mellow', 'pop', 'post-teen pop', 'viral pop']"
Justin Bieber,"['canadian pop', 'dance pop', 'pop', 'post-teen pop']",['fake']
Kid Ink,"['dance pop', 'hip hop', 'pop', 'pop rap', 'r&b', 'rap', 'southern hip hop', 'trap music', 'urban contemporary']"
Cardi B,"['pop', 'rap']"
X Ambassadors,"['modern alternative rock', 'modern rock', 'pop', 'pop rock', 'stomp pop']"
James Cherry
Michael Christopher
Noah Cyrus,"['dance pop', 'electropop', 'pop', 'post-teen pop']"
Jax Jones,"['dance pop', 'edm', 'house', 'pop', 'tropical house']"
GOAT,"['chamber psych', 'neo-psychedelic', 'space rock']","['alt-indie rock', 'chamber psych', 'garage psych', 'modern alternative rock', 'preverb']"
Camila Cabello,"['dance pop', 'pop', 'post-teen pop']"
Davichi,"['k-indie', 'k-pop', 'korean pop']"
Minh Vuong M4u,['vietnamese pop']
Troye Sivan,"['dance pop', 'pop', 'post-teen pop', 'viral pop']"
Diddy - Dirty Money,['hip pop']
Sam Tsui,"['channel pop', 'post-teen pop', 'viral pop']"
Adele,['pop'],['violin']
R. Kelly
fun.,"['metropopolis', 'modern rock', 'pop rap']","['catstep', 'complextro', 'edm', 'electro house', 'tracestep']","['catstep', 'edm', 'electro house', 'tracestep']",['electronic'],"['bubblegum dance', 'eurodance', 'europop', 'hip house']","['dance rock', 'new romantic', 'new wave', 'new wave pop', 'ska', 'ska revival']"
John Legend,"['neo soul', 'pop', 'r&b', 'urban contemporary']"
Wiz Khalifa,"['hip hop', 'pop rap', 'rap', 'southern hip hop', 'trap music']"
Susie Suh,"['acoustic pop', 'folk-pop']"
BIGBANG,"['j-pop', 'k-hop', 'k-pop']"
Amy Diamond,"['europop', 'swedish electropop', 'swedish idol pop', 'swedish pop']"
DJ Snake,"['dance pop', 'edm', 'electronic trap', 'pop', 'tropical house']"
MAX,"['compositional ambient', 'focus', 'sleep', 'soundtrack']","['dance pop', 'indie poptimism', 'pop', 'post-teen pop', 'viral pop']",['focus'],"['k-indie', 'k-pop', 'korean pop', 'world worship']","['austindie', 'indie pop', 'indie poptimism', 'indietronica', 'modern alternative rock', 'modern rock']",['groove room']
Kesha,"['dance pop', 'electropop', 'pop', 'pop rap', 'post-teen pop']"
Desiigner,"['hip hop', 'pop', 'pop rap', 'rap', 'southern hip hop', 'trap music', 'viral trap']"
Big Sean,"['detroit hip hop', 'hip hop', 'pop', 'pop rap', 'rap', 'southern hip hop', 'trap music']"
Panic! At The Disco,"['emo', 'modern rock', 'pop punk', 'vegas indie']"
Hoang Dung
Hoobastank,"['alternative metal', 'funk metal', 'nu metal', 'pop punk', 'pop rock', 'post-grunge', 'rap rock']"
Jaymes Young,"['indie poptimism', 'indietronica', 'modern alternative rock', 'modern rock', 'pop']"
The Civil Wars,"['acoustic pop', 'folk-pop', 'indie folk', 'indiecoustica', 'neo mellow', 'new americana', 'stomp and holler']"
Passenger,['neo mellow'],"['progressive electro house', 'progressive house']"
Maroon 5,['pop'],['fake']
Isaiah,['australian pop'],"['hip hop', 'indie r&b', 'pop rap', 'rap', 'southern hip hop', 'underground hip hop']"
Owl City,"['pop', 'pop punk', 'pop rock', 'post-teen pop']",['deep sunset lounge']
Train,"['neo mellow', 'pop', 'pop quebecois', 'pop rap', 'pop rock']","['indian indie', 'indian rock']"
Avril Lavigne,"['canadian pop', 'candy pop', 'dance pop', 'pop', 'post-teen pop']"
Backstreet Boys,"['boy band', 'dance pop', 'europop', 'pop']"
Crush,"['k-indie', 'k-pop', 'korean pop', 'korean r&b']","['j-metal', 'otacore']"
Tim McGraw,"['contemporary country', 'country', 'country road']"
bailey,"['channel pop', 'post-teen pop', 'viral pop']","['folk-pop', 'indie r&b', 'neo mellow', 'neo soul', 'r&b', 'soul']",['indie electro-pop']
Bruno Mars,"['pop', 'post-teen pop']"
Mark Ronson,"['dance pop', 'pop']"
Logan Paul,['teen pop']
Jonas Brothers,"['boy band', 'dance pop', 'pop', 'post-teen pop', 'viral pop']"
CNCO,"['boy band', 'latin', 'latin pop', 'pop', 'reggaeton', 'tropical']"
Coldplay,"['permanent wave', 'pop']"
Amber Run,"['indie anthem-folk', 'indie folk', 'modern alternative rock', 'modern rock']"
Michael Learns To Rock,"['boy band', 'danish pop rock']"
Parachute,"['acoustic pop', 'indiecoustica', 'neo mellow', 'pop', 'pop punk', 'pop rock', 'post-teen pop', 'viral pop']","[""children's music""]",['worship'],['shimmer pop'],['military band']
Conor Maynard,"['dance pop', 'pop', 'post-teen pop', 'viral pop']"
Greyson Chance,"['australian pop', 'dance pop', 'pop', 'post-teen pop', 'teen pop', 'viral pop']"
Ronan Keating,"['europop', 'soft rock']"
Five For Fighting,"['acoustic pop', 'neo mellow', 'piano rock', 'pop rock', 'post-grunge']"
Jon Bellion,"['pop', 'pop rap']"
Juicy J,"['crunk', 'dirty south rap', 'gangster rap', 'hip hop', 'memphis hip hop', 'pop rap', 'rap', 'southern hip hop', 'trap music']"
Adam Christopher,"['channel pop', 'viral pop']"
Future,"['pop', 'pop rap', 'rap', 'southern hip hop', 'trap music']","['acoustic pop', 'chamber pop', 'indie anthem-folk', 'indie folk', 'indiecoustica', 'neo mellow', 'viral pop']","['alternative dance', 'chillwave', 'indie pop', 'indie rock', 'indietronica', 'modern rock', 'neo-psychedelic', 'new rave']","['indie poptimism', 'indie psych-rock', 'indietronica', 'vapor soul']","['epicore', 'scorecore', 'video game music']","['brazilian electronica', 'brazilian house']","['hip hop', 'rap', 'underground hip hop']"
Tuấn Hưng,['vietnamese pop']
Alessia Cara,"['dance pop', 'electropop', 'pop', 'post-teen pop', 'r&b']"
Calvin Harris,"['edm', 'electro house', 'house', 'pop', 'progressive house']"
Adam Levine,['neo mellow']
Cheat Codes,"['dance pop', 'edm', 'pop', 'post-teen pop', 'tropical house']"
Matt Cardle,['talent show']
Perfect Two
Carpenters,"['adult standards', 'christmas', 'folk', 'folk rock', 'mellow gold', 'soft rock']"
Richard Marx,"['album rock', 'mellow gold', 'new wave pop', 'soft rock']"
Nathan Sykes,"['dance pop', 'pop', 'post-teen pop', 'viral pop']"
Akon,"['dance pop', 'hip hop', 'pop', 'pop rap', 'r&b', 'rap']"
Landon Austin,"['channel pop', 'neo mellow', 'post-teen pop', 'viral pop']"
Rihanna,"['dance pop', 'pop', 'post-teen pop', 'r&b', 'urban contemporary']"
Daya,"['dance pop', 'electropop', 'pop', 'post-teen pop']"
Gym Class Heroes,"['dance pop', 'emo', 'pop punk', 'pop rap']"
Lil Wayne,"['hip hop', 'pop rap', 'rap']"
Blue,"['dance pop', 'edm', 'pop', 'tropical house']","['boy band', 'dance pop', 'europop']","['eurodance', 'europop', 'italian disco']",['indie poptimism'],"['aussietronica', 'australian pop', 'deep australian indie']","['cyberpunk', 'industrial metal', 'industrial rock']","['album rock', 'art rock', 'blues-rock', 'classic rock', 'hard rock', 'metal', 'psychedelic rock', 'rock', 'soft rock', 'southern rock']"
Henry,"['k-pop', 'korean pop']","['chamber pop', 'folk-pop', 'indie anthem-folk', 'indie folk', 'indiecoustica', 'new americana', 'stomp and holler']","['british soundtrack', 'epicore', 'scorecore', 'soundtrack', 'video game music']","['chamber pop', 'indie folk', 'indie r&b', 'vapor soul']","['big room', 'deep big room', 'edm', 'electro house', 'moombahton', 'progressive electro house', 'sky room']","['adult standards', 'christmas', 'classic soundtrack', 'easy listening', 'lounge', 'vocal jazz']",['vocal jazz'],['focus']
Taylor Swift,"['dance pop', 'pop', 'post-teen pop']"
Khalid,"['indie r&b', 'pop']",['rif'],['islamic recitation'],['maghreb']
Calum Scott,['pop']
Lexi Walker
Joseph Vincent,['viral pop']
Lorde,"['art pop', 'dance pop', 'electropop', 'metropopolis', 'pop']"
Guy Sebastian,['australian pop']
The Vamps,"['boy band', 'dance pop', 'pop', 'post-teen pop']",['deep surf music']
Lil Pump,['emo rap']
Lady Gaga,"['dance pop', 'pop']",['fake']
Unknown,"['bass trap', 'tracestep', 'tropical pop edm']","['art pop', 'chillwave', 'freak folk', 'indie pop', 'indie rock', 'indietronica', 'modern rock', 'neo-psychedelic', 'new rave', 'portland indie']"
Only C,['vietnamese pop']
Thomas Gold,"['big room', 'deep big room', 'deep pop edm', 'deep tropical house', 'edm', 'electro house', 'funky tech house', 'german techno', 'house', 'progressive electro house', 'progressive house', 'sky room']"
Kina Grannis,"['acoustic pop', 'folk-pop', 'neo mellow', 'viral pop']"
Tori Kelly,"['dance pop', 'pop', 'post-teen pop', 'r&b', 'viral pop']"
Family of the Year,['indie folk']
Eminem,"['detroit hip hop', 'g funk', 'hip hop', 'rap']"
Austin Mahone,"['dance pop', 'pop', 'post-teen pop', 'teen pop', 'viral pop']"
BRKN RBTZ
FO&O,"['bulgarian hip hop', 'swedish idol pop']"
Lionel Richie,"['adult standards', 'disco', 'mellow gold', 'motown', 'quiet storm', 'soft rock']",['karaoke']
Jason Chen,"['channel pop', 'post-teen pop', 'viral pop']"
Kenneth,['dutch house'],"['classical organ', 'harpsichord']"
Frankie Valli,"['adult standards', 'brill building pop', 'bubblegum pop', 'christmas', 'folk rock', 'mellow gold', 'motown']","['adult standards', 'brill building pop', 'bubblegum pop', 'christmas', 'doo-wop', 'folk rock', 'lounge', 'motown', 'northern soul', 'rock-and-roll']"
Daniel Padilla,['opm']
Blue Stahli,"['cyberpunk', 'industrial metal', 'industrial rock']"
Olivia O'Brien,"['dance pop', 'electropop', 'indie poptimism', 'pop', 'post-teen pop']"
MKTO,"['australian pop', 'dance pop', 'pop', 'pop rap', 'post-teen pop']"
Love Cove
Thomas Rhett,"['contemporary country', 'country', 'country road', 'modern country rock']"
Anthem Lights,"['ccm', 'christian alternative rock', 'christian music', 'viral pop']"
Yiruma,['new age piano']
The Band Perry,"['contemporary country', 'country', 'country dawn', 'country road', 'modern country rock']"
Lotte Kestner,['indie psych-pop']
Shawn Mendes,"['canadian pop', 'dance pop', 'pop', 'post-teen pop', 'viral pop']"
JAY Z,"['bulgarian hip hop', 'east coast hip hop', 'gangster rap', 'hip hop', 'pop rap', 'rap']"
Tova
Sarah Close
DJ Shadow,"['big beat', 'downtempo', 'electronic', 'hip hop', 'trip hop', 'turntablism']"
DJ Khaled,"['dance pop', 'dirty south rap', 'hip hop', 'pop', 'pop rap', 'r&b', 'rap', 'southern hip hop', 'trap music']"
Gummy,"['k-pop', 'korean pop']"
Charli XCX,"['candy pop', 'dance pop', 'edm', 'electropop', 'indie poptimism', 'metropopolis', 'pop', 'post-teen pop', 'r&b', 'tropical house']"
Jeremy Zucker,"['dance pop', 'electropop', 'indie poptimism', 'pop']"
Luke Christopher,"['indie pop rap', 'pop rap']"
Drake,"['canadian hip hop', 'canadian pop', 'hip hop', 'pop rap', 'rap']","['art rock', 'british folk', 'chamber pop', 'folk', 'folk rock', 'folk-pop', 'freak folk', 'indie folk', 'indie pop', 'indie rock', 'melancholia', 'rock', 'singer-songwriter', 'slow core', 'traditional folk']",['post-teen pop'],"['epicore', 'scorecore', 'soundtrack', 'video game music']",['steel guitar'],"['contemporary country', 'modern country rock']"
MyLove
Niall Horan,"['dance pop', 'pop', 'post-teen pop']"
Lily Allen,"['dance pop', 'electropop', 'europop', 'folk-pop', 'pop', 'pop rock']"
Linkin Park,"['alternative metal', 'nu metal', 'post-grunge', 'rap metal']"
Major Lazer,"['dance pop', 'edm', 'electro house', 'moombahton', 'pop', 'tropical house']"
Ryan Gosling,['hollywood']
Da LAB,['vietnamese hip hop']
Lil Uzi Vert,"['pop rap', 'rap', 'trap music']"
The Weeknd,"['canadian pop', 'pop', 'rap']"
Thuy Chi,['vietnamese pop']
NF,['hip hop'],['j-rap']
5 Seconds of Summer,"['boy band', 'dance pop', 'pop', 'post-teen pop']"
Plain White T's,"['neo mellow', 'pop punk', 'pop rock', 'post-teen pop']"
Matt Johnson,"['channel pop', 'neo mellow', 'viral pop']"
Fleurie,"['indie poptimism', 'modern alternative rock']"
A R I Z O N A,"['dance pop', 'deep tropical house', 'electropop', 'indie poptimism', 'pop', 'tropical house']"
Jason Mraz,"['acoustic pop', 'neo mellow', 'pop', 'pop rock']"
